Milliseconds,PackVoltx100,Ampsx100,RPM
0,1250,37,0
100,1250,37,0
200,1250,37,0
300,1250,37,0
400,1250,37,0
500,1248,37,0
600,1250,37,0
700,1248,37,0
800,1250,37,0
900,1250,37,0
1000,1250,37,0
1100,1250,37,0
1200,1250,37,0
1300,1248,37,0
1400,1250,37,0
1500,1248,37,0
1600,1248,46,0
1700,1248,37,0
1800,1248,37,0
1900,1248,37,0
2000,1248,37,0
2100,1248,37,0
2200,1250,37,0
2300,1250,37,0
2400,1250,37,0
2500,1250,37,0
2600,1250,37,0
2700,1248,37,0
2800,1248,37,0
2900,1248,37,0
3000,1248,37,0
3100,1248,27,0
3200,1248,27,0
3300,1250,27,0
3400,1250,27,0
3500,1248,27,0
3600,1250,27,0
3700,1250,27,0
3800,1250,27,0
3900,1250,27,0
4000,1250,27,0
4100,1250,27,0
4200,1250,27,0
4300,1250,27,0
4400,1250,27,0
4500,1250,27,0
4600,1248,27,0
4700,1250,27,0
4800,1250,27,0
4900,1250,27,0
5000,1250,27,0
5100,1250,27,0
5200,1250,27,0
5300,1250,27,0
5400,1250,27,0
5500,1250,27,0
5600,1248,27,0
5700,1248,27,0
5800,1250,27,0
5900,1250,27,0
6000,1250,27,0
6100,1250,27,0
6200,1250,27,0
6300,1250,27,0
6400,1250,27,0
6500,1248,27,0
6600,1248,27,0
6700,1248,27,0
6800,1248,27,0
6900,1248,27,0
7000,1248,27,0
7100,1242,148,10020
7200,1244,111,10020
7300,1242,130,10020
7400,1246,55,10020
7500,1246,55,10020
7600,1246,55,0
7700,1246,55,0
7800,1246,55,0
7900,1246,55,1820
8000,1246,55,1842
8100,1246,55,1822
8200,1246,55,1799
8300,1246,55,1781
8400,1246,55,1783
8500,1246,55,1781
8600,1246,55,1802
8700,1246,55,1774
8800,1246,55,1780
8900,1246,55,1799
9000,1246,55,1771
9100,1246,55,1746
9200,1246,55,1779
9300,1246,55,1759
9400,1246,55,1780
9500,1246,55,1777
9600,1246,55,1781
9700,1246,55,1792
9800,1246,55,1811
9900,1246,55,1813
10000,1246,55,1782
10100,1246,55,1779
10200,1246,55,1758
10300,1246,55,1776
10400,1246,55,1776
10500,1246,55,1774
10600,1246,55,1779
10700,1246,55,1772
10800,1244,55,1780
10900,1244,55,1778
11000,1244,55,1779
11100,1244,55,1779
11200,1244,55,1768
11300,1246,55,1753
11400,1246,55,1775
11500,1246,55,1747
11600,1246,55,1775
11700,1246,55,1753
11800,1244,55,1747
11900,1246,55,1745
12000,1244,55,1774
12100,1244,55,1783
12200,1244,55,1774
12300,1244,55,1776
12400,1244,55,1746
12500,1246,55,1777
12600,1246,55,1771
12700,1246,55,1763
12800,1246,55,1750
12900,1246,55,1763
13000,1246,55,1747
13100,1246,55,1767
13200,1246,55,1776
13300,1246,55,1776
13400,1246,55,1757
13500,1246,55,1767
13600,1246,55,1781
13700,1244,55,1774
13800,1246,55,1783
13900,1244,55,1751
14000,1244,55,1776
14100,1246,55,1759
14200,1246,55,1777
14300,1246,55,1747
14400,1246,55,1753
14500,1246,55,1753
14600,1246,55,1776
14700,1244,55,1785
14800,1244,55,1775
14900,1244,55,1805
15000,1244,55,1774
15100,1244,55,1751
15200,1244,55,1772
15300,1244,55,1768
15400,1244,55,1774
15500,1246,55,1771
15600,1244,55,1779
15700,1246,55,1768
15800,1246,55,1747
15900,1244,55,1750
16000,1244,55,1778
16100,1244,55,1778
16200,1244,55,1776
16300,1244,55,1770
16400,1244,55,1775
16500,1244,55,1766
16600,1246,55,1751
16700,1244,55,1773
16800,1244,55,1778
16900,1246,55,1776
17000,1244,55,1764
17100,1244,55,1760
17200,1244,55,1779
17300,1244,55,1783
17400,1244,55,1781
17500,1244,55,1776
17600,1244,55,1777
17700,1244,55,1764
17800,1244,55,1779
17900,1244,55,1778
18000,1244,55,1783
18100,1244,55,1777
18200,1244,55,1783
18300,1244,55,1778
18400,1244,55,1796
18500,1244,55,1785
18600,1244,55,1781
18700,1244,55,1777
18800,1244,55,1776
18900,1244,55,1763
19000,1244,55,1778
19100,1244,55,1761
19200,1244,55,1794
19300,1244,55,1778
19400,1244,55,1783
19500,1244,55,1778
19600,1244,55,1745
19700,1244,55,1756
19800,1244,55,1750
19900,1244,55,1749
20000,1244,55,1779
20100,1244,55,1751
20200,1244,55,1783
20300,1244,55,1771
20400,1244,74,1952
20500,1242,111,2291
20600,1242,111,2508
20700,1244,111,2688
20800,1242,102,2759
20900,1242,93,2763
21000,1244,102,2903
21100,1244,102,2946
21200,1244,102,2944
21300,1242,102,2969
21400,1242,93,2905
21500,1242,93,2956
21600,1242,93,2970
21700,1244,102,2960
21800,1242,93,2941
21900,1242,102,2881
22000,1244,93,2903
22100,1242,93,2969
22200,1242,102,2985
22300,1244,111,2969
22400,1242,102,2965
22500,1242,102,2953
22600,1244,102,2878
22700,1242,102,2951
22800,1242,102,2967
22900,1244,111,2967
23000,1242,93,2974
23100,1242,102,2958
23200,1244,102,2972
23300,1244,102,2932
23400,1244,102,2962
23500,1242,102,2960
23600,1242,93,2965
23700,1244,93,2965
23800,1244,102,2969
23900,1242,93,2906
24000,1244,102,2972
24100,1242,93,2962
24200,1242,93,2965
24300,1242,93,2967
24400,1244,102,2977
24500,1242,102,2886
24600,1244,102,2962
24700,1244,102,2920
24800,1244,102,2965
24900,1242,102,2896
25000,1242,102,2935
25100,1242,93,2923
25200,1242,93,2965
25300,1244,93,2970
25400,1242,102,2965
25500,1242,93,2886
25600,1244,93,2965
25700,1244,93,2905
25800,1244,93,2962
25900,1242,102,2962
26000,1244,102,2880
26100,1242,93,2890
26200,1242,93,2972
26300,1244,111,2963
26400,1244,93,2942
26500,1244,93,2981
26600,1244,93,2981
26700,1244,102,2963
26800,1244,102,2970
26900,1242,102,2967
27000,1244,102,2955
27100,1244,102,2962
27200,1244,102,2972
27300,1242,111,2951
27400,1244,102,2951
27500,1244,102,2967
27600,1244,102,2967
27700,1244,102,2967
27800,1244,102,2974
27900,1242,93,2912
28000,1242,102,2967
28100,1242,93,2965
28200,1242,102,2976
28300,1242,93,2960
28400,1242,102,2969
28500,1242,93,2965
28600,1242,93,2960
28700,1242,102,2963
28800,1242,93,2910
28900,1242,102,2881
29000,1244,102,3059
29100,1244,93,2965
29200,1242,93,2969
29300,1244,102,2967
29400,1242,102,2970
29500,1242,102,2967
29600,1242,93,2969
29700,1242,102,2967
29800,1242,93,2920
29900,1244,102,2969
30000,1244,102,2965
30100,1242,93,2913
30200,1244,93,2963
30300,1244,102,2967
30400,1242,93,2960
30500,1244,93,2967
30600,1242,102,2956
30700,1242,93,2970
30800,1244,102,2963
30900,1242,102,2963
31000,1242,102,2913
31100,1242,102,2948
31200,1244,102,2963
31300,1242,93,2967
31400,1242,93,2876
31500,1244,102,2963
31600,1242,93,2965
31700,1244,102,2960
31800,1242,102,2898
31900,1242,93,2898
32000,1244,93,2955
32100,1242,102,2956
32200,1244,93,2963
32300,1244,102,2962
32400,1244,102,2962
32500,1244,93,2886
32600,1242,93,2930
32700,1244,102,2967
32800,1244,102,2960
32900,1242,93,2960
33000,1242,102,2949
33100,1242,102,2963
33200,1242,102,2965
33300,1242,102,2898
33400,1242,102,2970
33500,1242,93,2967
33600,1242,111,2967
33700,1242,93,2956
33800,1242,93,2970
33900,1244,93,2967
34000,1242,93,2967
34100,1244,93,2963
34200,1242,102,2969
34300,1242,93,2967
34400,1242,102,2969
34500,1244,102,2923
34600,1244,93,2969
34700,1242,102,2967
34800,1242,93,2994
34900,1244,93,2963
35000,1242,93,2965
35100,1242,102,2967
35200,1242,93,2999
35300,1242,93,2972
35400,1242,120,2990
35500,1240,167,3415
35600,1240,186,3620
35700,1240,167,3787
35800,1240,148,3810
35900,1240,158,3822
36000,1240,158,3955
36100,1240,158,3822
36200,1240,158,3813
36300,1242,167,3813
36400,1240,158,3816
36500,1240,158,3819
36600,1240,148,3825
36700,1240,167,3846
36800,1240,148,3900
36900,1240,167,3822
37000,1240,158,3849
37100,1240,158,3825
37200,1240,158,3822
37300,1240,167,3816
37400,1240,167,3903
37500,1240,167,3816
37600,1240,158,3819
37700,1240,158,3891
37800,1240,158,3834
37900,1240,158,3834
38000,1240,158,3813
38100,1240,158,3813
38200,1240,167,3816
38300,1240,158,3813
38400,1240,158,3816
38500,1240,158,3825
38600,1240,158,3819
38700,1240,158,3813
38800,1240,158,3813
38900,1240,167,3753
39000,1240,167,3816
39100,1240,148,3813
39200,1240,158,3816
39300,1240,158,3816
39400,1240,158,3813
39500,1240,167,3808
39600,1240,158,3822
39700,1240,158,3816
39800,1240,167,3825
39900,1240,148,3698
40000,1240,158,3776
40100,1240,167,3825
40200,1240,148,3816
40300,1240,167,3668
40400,1240,148,3717
40500,1240,158,3819
40600,1240,167,3843
40700,1240,167,3834
40800,1240,176,3840
40900,1240,158,3799
41000,1240,148,3810
41100,1240,148,3816
41200,1240,158,3822
41300,1240,167,3703
41400,1240,148,3813
41500,1240,167,3770
41600,1240,158,3819
41700,1240,167,3819
41800,1240,158,3819
41900,1240,167,3822
42000,1240,158,3828
42100,1240,139,3813
42200,1240,167,3822
42300,1240,158,3816
42400,1240,148,3813
42500,1240,158,3822
42600,1240,148,3819
42700,1240,158,3961
42800,1240,139,3897
42900,1240,148,3810
43000,1240,167,3810
43100,1240,158,3813
43200,1240,158,3974
43300,1240,167,3866
43400,1240,167,3828
43500,1240,158,3819
43600,1240,158,3813
43700,1240,167,3822
43800,1240,158,3837
43900,1240,148,3822
44000,1240,167,3863
44100,1240,167,3837
44200,1240,167,3819
44300,1240,158,3837
44400,1240,158,3825
44500,1240,139,3813
44600,1240,167,3852
44700,1240,148,3828
44800,1240,158,3816
44900,1240,158,3813
45000,1240,167,3837
45100,1240,158,3822
45200,1240,158,3759
45300,1240,176,3825
45400,1240,148,3840
45500,1240,167,3810
45600,1240,158,3816
45700,1240,167,3679
45800,1240,148,3813
45900,1240,148,3810
46000,1240,158,3816
46100,1240,158,3822
46200,1240,158,3831
46300,1240,148,3846
46400,1240,158,3816
46500,1240,148,3816
46600,1240,148,3816
46700,1240,167,3785
46800,1240,158,3906
46900,1240,158,3816
47000,1240,148,3816
47100,1240,148,3834
47200,1240,158,3828
47300,1240,158,3813
47400,1240,158,3816
47500,1240,158,3816
47600,1240,148,3819
47700,1240,176,3731
47800,1240,158,3813
47900,1240,148,3828
48000,1240,139,3816
48100,1240,176,3943
48200,1240,158,3846
48300,1240,158,3819
48400,1237,158,3888
48500,1240,158,3819
48600,1240,148,3805
48700,1240,158,3816
48800,1240,158,3846
48900,1240,158,3810
49000,1240,167,3810
49100,1240,158,3793
49200,1240,148,3810
49300,1240,167,3796
49400,1240,167,3810
49500,1240,158,3816
49600,1240,158,3825
49700,1240,148,3819
49800,1240,167,3831
49900,1240,158,3813
50000,1240,148,3822
50100,1240,158,3840
50200,1240,158,3810
50300,1240,158,3799
50400,1240,158,3846
50500,1240,167,3840
50600,1240,139,3813
50700,1240,158,3813
50800,1240,148,3793
50900,1240,167,3816
51000,1237,148,3831
51100,1240,148,3816
51200,1240,148,3903
51300,1240,158,3937
51400,1240,158,3810
51500,1240,158,3819
51600,1240,167,3968
51700,1240,158,3837
51800,1240,158,3819
51900,1240,158,3813
52000,1240,148,3819
52100,1240,158,3825
52200,1240,158,3816
52300,1240,158,3816
52400,1240,158,3819
52500,1240,158,3816
52600,1240,148,3808
52700,1240,148,3855
52800,1240,158,3813
52900,1240,148,3813
53000,1240,167,3816
53100,1240,158,3819
53200,1240,158,3918
53300,1240,167,3980
53400,1240,167,3819
53500,1240,167,3825
53600,1240,167,3952
53700,1240,176,3846
53800,1240,176,4009
53900,1237,176,3990
54000,1237,186,4074
54100,1237,223,4187
54200,1237,232,4255
54300,1237,223,4355
54400,1237,232,4436
54500,1237,232,4476
54600,1237,232,4484
54700,1237,232,4472
54800,1237,232,4460
54900,1237,232,4484
55000,1237,223,4480
55100,1235,232,4484
55200,1237,232,4672
55300,1237,232,4464
55400,1237,232,4672
55500,1237,223,4472
55600,1237,232,4496
55700,1237,232,4460
55800,1237,232,4476
55900,1237,232,4464
56000,1237,232,4488
56100,1237,241,4468
56200,1237,232,4468
56300,1237,223,4464
56400,1237,232,4480
56500,1237,241,4504
56600,1237,232,4468
56700,1237,232,4587
56800,1237,232,4492
56900,1237,232,4460
57000,1237,241,4468
57100,1237,232,4516
57200,1237,241,4659
57300,1237,232,4659
57400,1235,232,4464
57500,1237,232,4681
57600,1237,241,4468
57700,1235,232,4460
57800,1235,232,4468
57900,1237,232,4464
58000,1237,232,4464
58100,1237,232,4591
58200,1237,232,4570
58300,1237,232,4480
58400,1237,232,4468
58500,1235,232,4480
58600,1237,232,4642
58700,1237,232,4480
58800,1235,232,4480
58900,1237,232,4460
59000,1235,232,4638
59100,1237,241,4476
59200,1235,232,4686
59300,1235,223,4484
59400,1235,232,4464
59500,1237,232,4472
59600,1235,232,4448
59700,1235,232,4464
59800,1235,232,4464
59900,1235,232,4456
60000,1237,232,4476
60100,1235,241,4582
60200,1235,232,4468
60300,1235,232,4646
60400,1237,232,4456
60500,1237,232,4460
60600,1235,232,4484
60700,1235,223,4464
60800,1235,241,4578
60900,1235,232,4625
61000,1235,241,4456
61100,1235,232,4468
61200,1235,241,4504
61300,1235,223,4476
61400,1235,232,4468
61500,1235,223,4504
61600,1235,241,4549
61700,1235,223,4456
61800,1235,232,4472
61900,1235,232,4460
62000,1235,232,4452
62100,1235,232,4460
62200,1237,232,4587
62300,1237,241,4480
62400,1235,232,4533
62500,1235,223,4440
62600,1235,232,4633
62700,1235,232,4464
62800,1235,232,4460
62900,1235,241,4456
63000,1235,241,4604
63100,1235,232,4621
63200,1235,232,4452
63300,1235,232,4464
63400,1235,232,4633
63500,1237,241,4638
63600,1235,232,4456
63700,1235,223,4456
63800,1235,241,4452
63900,1235,241,4541
64000,1235,241,4496
64100,1235,232,4472
64200,1235,223,4512
64300,1235,241,4468
64400,1235,232,4464
64500,1235,232,4541
64600,1235,232,4664
64700,1235,232,4436
64800,1235,232,4484
64900,1235,232,4460
65000,1235,241,4456
65100,1235,232,4655
65200,1235,232,4528
65300,1235,241,4468
65400,1235,232,4574
65500,1235,232,4464
65600,1235,232,4452
65700,1235,232,4460
65800,1235,241,4484
65900,1235,223,4456
66000,1235,232,4533
66100,1235,232,4492
66200,1235,232,4659
66300,1235,232,4578
66400,1235,232,4508
66500,1235,232,4472
66600,1235,232,4472
66700,1235,232,4604
66800,1235,232,4488
66900,1235,232,4504
67000,1235,232,4480
67100,1235,232,4472
67200,1235,223,4651
67300,1235,241,4651
67400,1235,232,4672
67500,1235,232,4638
67600,1235,232,4472
67700,1235,232,4464
67800,1235,241,4520
67900,1235,241,4472
68000,1235,232,4468
68100,1235,232,4659
68200,1235,232,4633
68300,1235,241,4659
68400,1235,232,4460
68500,1235,241,4638
68600,1235,232,4476
68700,1235,232,4599
68800,1235,232,4460
68900,1235,232,4464
69000,1235,241,4484
69100,1235,232,4468
69200,1235,241,4484
69300,1235,232,4484
69400,1235,232,4452
69500,1235,232,4472
69600,1235,232,4472
69700,1235,223,4472
69800,1235,223,4625
69900,1235,232,4468
70000,1235,232,4476
70100,1235,232,4496
70200,1235,223,4492
70300,1235,223,4424
70400,1235,232,4472
70500,1235,232,4686
70600,1235,223,4468
70700,1235,232,4520
70800,1235,232,4549
70900,1235,232,4484
71000,1235,232,4464
71100,1235,232,4448
71200,1235,232,4488
71300,1235,232,4655
71400,1235,232,4541
71500,1235,232,4664
71600,1235,232,4472
71700,1235,223,4464
71800,1235,232,4612
71900,1235,223,4456
72000,1235,232,4472
72100,1235,232,4464
72200,1235,232,4566
72300,1235,251,4633
72400,1235,251,4591
72500,1235,260,4625
72600,1235,269,4708
72700,1233,279,4897
72800,1231,334,4995
72900,1231,334,5020
73000,1231,325,5045
73100,1231,325,5086
73200,1231,325,5081
73300,1231,334,5279
73400,1231,325,5170
73500,1231,325,5330
73600,1231,334,5307
73700,1231,325,5076
73800,1231,325,5235
73900,1231,325,5302
74000,1229,325,5045
74100,1231,334,5224
74200,1231,325,5081
74300,1231,325,5252
74400,1229,325,5181
74500,1229,325,5081
74600,1229,325,5319
74700,1231,334,5065
74800,1231,325,5268
74900,1231,316,5107
75000,1231,334,5055
75100,1231,334,5192
75200,1231,334,5302
75300,1231,325,5224
75400,1229,325,5291
75500,1231,325,5040
75600,1231,325,5096
75700,1231,325,5296
75800,1229,325,5274
75900,1229,334,5307
76000,1229,334,5263
76100,1229,325,5070
76200,1229,325,5224
76300,1229,325,5076
76400,1229,325,5081
76500,1229,316,5055
76600,1229,334,5263
76700,1229,334,5122
76800,1229,325,5096
76900,1229,325,5170
77000,1229,325,5274
77100,1229,334,5307
77200,1229,334,5257
77300,1229,325,5302
77400,1229,334,5319
77500,1229,325,5219
77600,1229,334,5060
77700,1229,334,5065
77800,1229,325,5307
77900,1229,316,5076
78000,1229,325,5122
78100,1229,325,5112
78200,1229,334,5050
78300,1229,325,5112
78400,1229,325,5040
78500,1229,325,5279
78600,1229,334,5065
78700,1229,325,5219
78800,1229,325,5128
78900,1229,325,5307
79000,1229,325,5302
79100,1229,325,5263
79200,1229,325,5302
79300,1229,325,5081
79400,1229,316,5050
79500,1229,325,5257
79600,1229,334,5181
79700,1229,325,5324
79800,1229,325,5257
79900,1229,334,5279
80000,1229,334,5307
80100,1229,325,5045
80200,1229,334,5045
80300,1229,334,5263
80400,1229,334,5091
80500,1229,316,5159
80600,1229,325,5291
80700,1229,325,5313
80800,1229,325,5279
80900,1229,325,5040
81000,1229,316,5102
81100,1229,325,5296
81200,1229,325,5133
81300,1229,325,5279
81400,1229,316,5296
81500,1229,325,5086
81600,1229,325,5045
81700,1229,325,5268
81800,1229,325,5307
81900,1229,325,5307
82000,1229,325,5186
82100,1229,325,5050
82200,1229,325,5252
82300,1229,316,5165
82400,1229,334,5040
82500,1229,325,5091
82600,1229,325,5128
82700,1229,325,5319
82800,1229,334,5302
82900,1229,325,5070
83000,1229,325,5149
83100,1229,325,5040
83200,1229,325,5296
83300,1229,325,5107
83400,1229,325,5086
83500,1229,325,5279
83600,1229,325,5279
83700,1229,334,5313
83800,1229,325,5313
83900,1229,334,5096
84000,1229,325,5055
84100,1229,316,5091
84200,1226,316,5313
84300,1226,325,5263
84400,1229,325,5296
84500,1229,334,5268
84600,1229,316,5076
84700,1229,316,5070
84800,1229,334,5285
84900,1226,325,5313
85000,1229,325,5268
85100,1229,325,5070
85200,1229,325,5081
85300,1229,325,5319
85400,1229,316,5285
85500,1229,334,5307
85600,1229,334,5065
85700,1229,325,5081
85800,1229,334,5268
85900,1229,334,5296
86000,1229,325,5246
86100,1229,334,5268
86200,1226,325,5060
86300,1229,325,5285
86400,1229,325,5330
86500,1226,325,5149
86600,1226,325,5307
86700,1226,334,5319
86800,1226,334,5192
86900,1226,316,5324
87000,1229,325,5091
87100,1229,334,5330
87200,1229,334,5235
87300,1229,334,5045
87400,1226,334,5055
87500,1226,325,5081
87600,1229,325,5065
87700,1226,325,5307
87800,1226,325,5224
87900,1226,325,5279
88000,1226,316,5065
88100,1226,325,5050
88200,1226,325,5330
88300,1226,316,5102
88400,1226,325,5257
88500,1229,334,5263
88600,1229,325,5081
88700,1226,325,5319
88800,1229,334,5307
88900,1226,325,5181
89000,1226,325,5081
89100,1226,325,5045
89200,1226,325,5257
89300,1226,325,5060
89400,1226,325,5208
89500,1229,325,5070
89600,1229,325,5159
89700,1226,325,5081
89800,1229,334,5307
89900,1226,334,5117
90000,1226,325,5112
90100,1226,334,5252
90200,1226,334,5040
90300,1226,334,5202
90400,1226,325,5313
90500,1226,334,5040
90600,1226,325,5060
90700,1226,334,5291
90800,1226,325,5045
90900,1226,325,5263
91000,1226,325,5086
91100,1226,325,5060
91200,1226,325,5241
91300,1226,344,5086
91400,1226,353,5291
91500,1226,344,5138
91600,1226,353,5330
91700,1224,400,5494
91800,1224,390,5567
91900,1224,390,5599
92000,1224,390,5393
92100,1224,390,5524
92200,1224,400,5405
92300,1224,390,5530
92400,1224,390,5555
92500,1224,390,5549
92600,1224,390,5592
92700,1224,390,5675
92800,1224,390,5574
92900,1224,400,5701
93000,1224,390,5681
93100,1224,400,5681
93200,1224,390,5681
93300,1224,381,5428
93400,1224,381,5694
93500,1224,400,5714
93600,1224,390,5760
93700,1224,390,5464
93800,1224,390,5675
93900,1224,390,5688
94000,1224,390,5476
94100,1224,390,5488
94200,1224,390,5446
94300,1224,409,5476
94400,1224,381,5694
94500,1224,390,5405
94600,1224,390,5675
94700,1224,400,5428
94800,1224,390,5422
94900,1224,390,5586
95000,1224,390,5530
95100,1224,390,5405
95200,1224,390,5701
95300,1224,390,5399
95400,1224,390,5624
95500,1224,390,5656
95600,1224,381,5440
95700,1224,390,5452
95800,1224,390,5649
95900,1224,400,5656
96000,1224,400,5714
96100,1224,390,5549
96200,1224,400,5422
96300,1224,390,5428
96400,1224,390,5617
96500,1224,390,5549
96600,1224,390,5649
96700,1224,390,5681
96800,1224,400,5656
96900,1224,390,5747
97000,1224,390,5428
97100,1224,390,5773
97200,1224,400,5428
97300,1224,390,5668
97400,1224,390,5701
97500,1224,390,5681
97600,1224,381,5399
97700,1224,400,5688
97800,1224,390,5675
97900,1224,390,5681
98000,1224,390,5422
98100,1224,381,5662
98200,1224,390,5417
98300,1224,390,5662
98400,1224,381,5668
98500,1224,390,5688
98600,1224,381,5440
98700,1224,381,5428
98800,1224,390,5675
98900,1224,390,5630
99000,1224,390,5662
99100,1224,390,5549
99200,1224,390,5668
99300,1224,390,5428
99400,1224,390,5405
99500,1224,390,5643
99600,1224,381,5555
99700,1224,390,5512
99800,1224,390,5662
99900,1224,390,5530
100000,1224,381,5668
100100,1224,390,5675
100200,1224,390,5636
100300,1224,381,5701
100400,1224,390,5681
100500,1224,390,5675
100600,1224,381,5422
100700,1224,390,5649
100800,1222,390,5662
100900,1224,390,5422
101000,1222,390,5617
101100,1224,390,5681
101200,1222,381,5662
101300,1224,390,5688
101400,1224,390,5694
101500,1224,400,5482
101600,1224,390,5464
101700,1224,390,5530
101800,1224,390,5643
101900,1222,372,5675
102000,1222,381,5482
102100,1224,390,5494
102200,1224,390,5464
102300,1224,381,5668
102400,1224,390,5681
102500,1222,390,5411
102600,1222,390,5694
102700,1222,381,5668
102800,1222,390,5681
102900,1224,390,5668
103000,1222,390,5458
103100,1222,390,5675
103200,1222,381,5470
103300,1222,372,5668
103400,1224,390,5630
103500,1222,381,5668
103600,1222,390,5624
103700,1222,390,5668
103800,1222,381,5411
103900,1222,390,5387
104000,1222,400,5387
104100,1224,400,5656
104200,1222,400,5668
104300,1224,381,5952
104400,1224,390,5662
104500,1224,381,5668
104600,1222,390,5675
104700,1222,390,5656
104800,1224,390,5675
104900,1222,390,5662
105000,1222,390,5636
105100,1222,390,5411
105200,1222,390,5417
105300,1222,381,5668
105400,1222,390,5630
105500,1222,390,5537
105600,1222,381,5668
105700,1224,390,5636
105800,1222,390,5675
105900,1224,390,5681
106000,1222,390,5675
106100,1222,390,5567
106200,1224,390,5701
106300,1222,390,5530
106400,1222,390,5688
106500,1222,381,5434
106600,1222,381,5428
106700,1222,390,5561
106800,1222,400,5688
106900,1222,381,5707
107000,1222,381,5417
107100,1222,390,5681
107200,1222,381,5675
107300,1222,427,5841
107400,1222,437,6067
107500,1220,427,5733
107600,1220,427,5747
107700,1222,427,5834
107800,1220,418,5767
107900,1220,437,5662
108000,1220,427,6053
108100,1222,427,5827
108200,1220,418,5753
108300,1222,427,5959
108400,1220,427,5917
108500,1220,427,5740
108600,1222,427,5767
108700,1220,427,5807
108800,1220,427,6031
108900,1220,427,5707
109000,1220,427,6053
109100,1220,427,5773
109200,1220,427,5896
109300,1220,427,5649
109400,1220,427,5780
109500,1220,427,5773
109600,1220,427,6075
109700,1220,427,5733
109800,1220,437,5767
109900,1220,427,5917
110000,1220,418,5780
110100,1220,418,5773
110200,1220,418,5841
110300,1220,418,5875
110400,1222,427,5767
110500,1220,427,5945
110600,1220,418,5882
110700,1220,427,5733
110800,1220,418,5959
110900,1220,427,5800
111000,1220,427,6053
111100,1220,427,5787
111200,1220,427,5694
111300,1220,427,5767
111400,1220,427,5813
111500,1220,427,5917
111600,1220,427,5773
111700,1220,418,5988
111800,1220,418,5747
111900,1220,427,5733
112000,1220,427,5917
112100,1220,427,5740
112200,1220,427,5800
112300,1220,427,5787
112400,1220,427,5952
112500,1220,427,5800
112600,1220,427,5793
112700,1220,427,5938
112800,1220,427,5727
112900,1220,427,5847
113000,1220,437,5959
113100,1220,427,5861
113200,1220,427,5714
113300,1220,427,5910
113400,1220,427,5834
113500,1220,437,5882
113600,1220,427,5753
113700,1220,437,5780
113800,1220,427,5753
113900,1220,418,5760
114000,1220,418,5524
114100,1220,427,5773
114200,1220,427,6031
114300,1220,427,5847
114400,1220,427,5733
114500,1220,427,5760
114600,1220,427,5841
114700,1220,427,5767
114800,1220,437,5767
114900,1220,427,5740
115000,1220,427,5747
115100,1220,418,5847
115200,1220,427,5973
115300,1220,427,5767
115400,1220,427,5740
115500,1220,427,5707
115600,1220,427,5813
115700,1220,418,5740
115800,1220,437,5813
115900,1220,427,5959
116000,1220,427,5773
116100,1220,437,5767
116200,1220,427,5827
116300,1220,427,5773
116400,1220,427,5753
116500,1220,427,5753
116600,1220,427,5720
116700,1220,427,5747
116800,1220,427,5896
116900,1220,427,5727
117000,1220,437,5694
117100,1220,427,5760
117200,1220,427,5834
117300,1220,437,5727
117400,1220,437,5740
117500,1220,427,5740
117600,1220,427,5747
117700,1220,427,6031
117800,1220,427,5727
117900,1220,427,5740
118000,1220,437,5800
118100,1220,418,5854
118200,1220,427,5760
118300,1220,427,5720
118400,1220,427,5882
118500,1220,427,5727
118600,1220,427,5827
118700,1220,418,5760
118800,1220,427,5747
118900,1220,427,5760
119000,1220,427,5727
119100,1220,418,5767
119200,1220,427,5727
119300,1220,427,5995
119400,1220,427,5720
119500,1220,427,5740
119600,1220,437,5807
119700,1218,427,5740
119800,1220,427,5959
119900,1220,427,5807
120000,1220,427,5787
120100,1218,437,5780
120200,1220,418,5675
120300,1220,427,6067
120400,1220,427,5875
120500,1220,427,5753
120600,1220,427,5988
120700,1218,427,5760
120800,1220,427,6024
120900,1218,427,5668
121000,1218,427,5727
121100,1218,427,5747
121200,1218,427,5988
121300,1218,427,5747
121400,1218,437,5740
121500,1220,427,6024
121600,1218,427,5727
121700,1218,427,5733
121800,1218,418,5753
121900,1218,427,5780
122000,1218,427,5800
122100,1218,427,5780
122200,1218,427,5727
122300,1218,427,5773
122400,1218,427,6016
122500,1218,437,5714
122600,1218,427,5780
122700,1218,427,5882
122800,1218,418,5740
122900,1218,427,6053
123000,1218,427,5740
123100,1218,437,6045
123200,1218,427,5780
123300,1218,427,5980
123400,1218,418,5773
123500,1218,427,5760
123600,1218,427,5740
123700,1218,427,5753
123800,1218,427,5793
123900,1218,427,5733
124000,1218,427,5820
124100,1218,427,5767
124200,1218,427,5938
124300,1218,427,5760
124400,1218,427,5861
124500,1218,427,5740
124600,1218,418,5727
124700,1218,418,5767
124800,1218,427,6067
124900,1218,427,6060
125000,1218,427,5760
125100,1218,427,5714
125200,1218,427,5740
125300,1218,427,6002
125400,1218,427,5868
125500,1218,427,5834
125600,1218,427,5847
125700,1218,446,5924
125800,1216,455,5800
125900,1211,567,6226
126000,1211,586,6596
126100,1211,576,6459
126200,1211,576,6345
126300,1211,567,6640
126400,1211,576,6570
126500,1211,567,6385
126600,1211,576,6596
126700,1211,576,6553
126800,1211,576,6631
126900,1211,576,6435
127000,1211,576,6657
127100,1211,567,6648
127200,1211,576,6631
127300,1211,567,6281
127400,1211,576,6242
127500,1211,576,6257
127600,1211,567,6329
127700,1211,576,6640
127800,1211,576,6596
127900,1211,567,6613
128000,1211,576,6775
128100,1211,567,6570
128200,1211,567,6553
128300,1211,576,6426
128400,1211,567,6613
128500,1211,576,6613
128600,1211,576,6648
128700,1211,576,6605
128800,1211,567,6570
128900,1211,576,6393
129000,1211,567,6631
129100,1211,576,6476
129200,1211,576,6605
129300,1211,576,6648
129400,1211,567,6561
129500,1211,576,6451
129600,1211,576,6410
129700,1211,576,6578
129800,1211,576,6657
129900,1211,576,6570
130000,1211,567,6622
130100,1211,576,6273
130200,1211,567,6613
130300,1211,567,6510
130400,1211,576,6839
130500,1211,567,6640
130600,1211,576,6631
130700,1211,576,6596
130800,1211,567,6587
130900,1211,576,6657
131000,1211,576,6605
131100,1209,576,6501
131200,1209,576,6578
131300,1211,576,6640
131400,1209,576,6631
131500,1211,576,6821
131600,1209,567,6289
131700,1209,586,6596
131800,1209,567,6361
131900,1211,567,6622
132000,1211,576,6631
132100,1209,567,6553
132200,1211,576,6418
132300,1209,567,6402
132400,1211,567,6257
132500,1209,576,6605
132600,1209,567,6265
132700,1209,576,6369
132800,1211,567,6631
132900,1211,576,6345
133000,1209,567,6369
133100,1209,576,6631
133200,1209,576,6544
133300,1209,567,6321
133400,1209,567,6657
133500,1209,567,6476
133600,1211,576,6640
133700,1209,576,6622
133800,1209,567,6640
133900,1209,567,6410
134000,1211,567,6476
134100,1209,567,6553
134200,1209,567,6211
134300,1209,576,6596
134400,1209,567,6631
134500,1209,576,6361
134600,1209,567,6640
134700,1209,567,6613
134800,1209,576,6622
134900,1209,576,6535
135000,1209,576,6353
135100,1211,567,6527
135200,1209,576,6622
135300,1209,576,6510
135400,1209,567,6305
135500,1209,576,6435
135600,1209,576,6313
135700,1209,567,6622
135800,1209,576,6613
135900,1209,576,6622
136000,1209,567,6622
136100,1209,567,6553
136200,1209,576,6265
136300,1209,576,6535
136400,1209,567,6613
136500,1209,567,6578
136600,1209,576,6321
136700,1209,576,6369
136800,1209,576,6297
136900,1209,576,6451
137000,1209,567,6281
137100,1209,567,6613
137200,1209,567,6570
137300,1209,576,6313
137400,1209,567,6631
137500,1209,567,6640
137600,1209,567,6402
137700,1209,567,6613
137800,1209,567,6613
137900,1209,576,6622
138000,1209,567,6631
138100,1209,576,6501
138200,1209,558,6640
138300,1209,567,6631
138400,1209,567,6613
138500,1209,576,6337
138600,1209,567,6297
138700,1209,576,6613
138800,1209,567,6613
138900,1209,576,6622
139000,1209,576,6393
139100,1209,567,6648
139200,1209,576,6553
139300,1209,576,6273
139400,1209,576,6622
139500,1209,567,6273
139600,1209,567,6622
139700,1209,567,6657
139800,1209,576,6631
139900,1209,576,6345
140000,1209,576,6613
140100,1209,567,6849
140200,1209,576,6622
140300,1209,576,6648
140400,1209,567,6393
140500,1209,576,6561
140600,1209,576,6622
140700,1209,576,6544
140800,1209,567,6313
140900,1209,576,6613
141000,1209,567,6648
141100,1209,576,6596
141200,1209,567,6578
141300,1209,576,6451
141400,1209,567,6648
141500,1209,567,6195
141600,1207,595,6648
141700,1205,641,6934
141800,1205,679,7092
141900,1205,660,6963
142000,1205,651,7102
142100,1205,660,7142
142200,1205,651,6765
142300,1205,660,7132
142400,1205,651,6720
142500,1205,660,6811
142600,1205,660,6747
142700,1205,660,6793
142800,1205,660,6756
142900,1205,651,7122
143000,1205,660,6720
143100,1205,651,7112
143200,1205,660,6802
143300,1205,660,6738
143400,1205,660,6738
143500,1205,660,7032
143600,1205,660,6729
143700,1205,651,7002
143800,1205,660,6729
143900,1205,669,6784
144000,1205,660,6756
144100,1205,651,7052
144200,1205,660,6738
144300,1205,660,6877
144400,1203,660,6720
144500,1205,660,7072
144600,1203,660,6729
144700,1203,660,6784
144800,1203,660,7052
144900,1203,660,6747
145000,1203,651,6775
145100,1203,660,6720
145200,1205,651,6821
145300,1205,660,6784
145400,1203,660,7082
145500,1205,660,6756
145600,1205,660,6729
145700,1203,651,6793
145800,1203,651,6738
145900,1203,651,6784
146000,1203,651,7112
146100,1203,660,6784
146200,1203,660,7052
146300,1203,660,6765
146400,1203,660,7092
146500,1203,651,6738
146600,1203,660,6775
146700,1203,660,6775
146800,1203,651,6720
146900,1203,651,7122
147000,1203,660,6775
147100,1203,660,6720
147200,1203,651,6802
147300,1203,651,7072
147400,1203,651,6720
147500,1203,660,6784
147600,1203,651,6729
147700,1203,660,6738
147800,1203,660,6765
147900,1203,651,6738
148000,1203,651,6858
148100,1203,660,6839
148200,1203,660,6720
148300,1203,651,6793
148400,1203,660,6756
148500,1203,651,6775
148600,1203,651,7042
148700,1203,660,6934
148800,1203,660,6793
148900,1203,651,6821
149000,1203,651,6729
149100,1203,660,6906
149200,1203,651,6756
149300,1203,651,6775
149400,1203,651,6747
149500,1203,651,6858
149600,1203,651,6720
149700,1203,651,6738
149800,1203,651,7052
149900,1203,660,6775
150000,1203,651,6858
150100,1203,651,7082
150200,1203,651,7112
150300,1203,660,6738
150400,1203,651,7092
150500,1203,651,6747
150600,1203,651,6993
150700,1203,651,6784
150800,1203,651,6738
150900,1203,651,6830
151000,1203,651,6729
151100,1203,651,6711
151200,1203,651,7173
151300,1203,651,6784
151400,1203,651,7072
151500,1203,660,6849
151600,1203,651,6784
151700,1203,651,6868
151800,1203,651,6756
151900,1203,660,7052
152000,1203,651,6877
152100,1203,651,7022
152200,1203,651,6720
152300,1203,651,7032
152400,1203,651,6821
152500,1200,651,7102
152600,1200,651,6775
152700,1203,651,6747
152800,1203,651,6747
152900,1200,651,7032
153000,1200,651,6702
153100,1203,651,6738
153200,1203,651,6729
153300,1203,651,6702
153400,1203,660,6877
153500,1203,660,6896
153600,1200,651,6729
153700,1200,651,6849
153800,1200,651,6811
153900,1203,651,6747
154000,1200,651,6711
154100,1200,651,6738
154200,1200,651,7002
154300,1200,651,6729
154400,1203,660,6934
154500,1200,651,6896
154600,1200,660,7082
154700,1203,651,7072
154800,1200,651,7012
154900,1203,651,7112
155000,1200,651,6793
155100,1200,641,7092
155200,1200,651,6775
155300,1200,651,6720
155400,1200,651,6765
155500,1200,660,7002
155600,1200,660,6765
155700,1200,651,7012
155800,1200,651,6944
155900,1200,651,6849
156000,1200,651,6802
156100,1200,651,7082
156200,1200,651,6738
156300,1200,651,6702
156400,1200,651,6756
156500,1200,651,7102
156600,1200,651,6775
156700,1200,651,6765
156800,1200,660,6756
156900,1200,660,7062
157000,1200,660,6765
157100,1200,651,7022
157200,1200,651,6729
157300,1200,651,6793
157400,1200,660,6811
157500,1200,651,6720
157600,1200,651,6711
157700,1200,660,7042
157800,1200,651,6983
157900,1200,660,6765
158000,1200,651,6906
158100,1200,651,6720
158200,1200,651,7062
158300,1200,651,7032
158400,1200,651,6738
158500,1200,651,6765
158600,1200,660,6802
158700,1200,669,7062
158800,1200,679,6944
158900,1198,697,7062
159000,1196,762,7173
159100,1196,744,7194
159200,1198,716,7153
159300,1198,725,7246
159400,1198,725,7082
159500,1198,725,7215
159600,1198,735,6944
159700,1198,735,7173
159800,1198,707,7235
159900,1196,725,7102
160000,1198,716,7153
160100,1198,716,7215
160200,1198,707,7225
160300,1198,725,7153
160400,1198,716,7194
160500,1198,725,6925
160600,1196,716,7183
160700,1196,735,7204
160800,1196,735,7183
160900,1196,716,7194
161000,1196,716,7183
161100,1198,725,7204
161200,1196,725,7183
161300,1198,725,7235
161400,1196,735,7235
161500,1196,725,7173
161600,1196,725,6983
161700,1196,725,6906
161800,1196,716,7072
161900,1196,716,7194
162000,1196,725,7163
162100,1196,725,7194
162200,1196,735,7204
162300,1196,735,7183
162400,1196,735,7194
162500,1196,716,7235
162600,1196,725,7215
162700,1196,716,7092
162800,1196,725,7215
162900,1196,707,6934
163000,1196,725,6839
163100,1196,735,6877
163200,1196,735,6811
163300,1196,735,7225
163400,1196,725,7173
163500,1196,725,6934
163600,1196,735,7092
163700,1196,725,7204
163800,1196,716,7309
163900,1196,725,7215
164000,1196,725,7183
164100,1196,725,6811
164200,1196,725,7225
164300,1196,725,6925
164400,1196,725,6858
164500,1196,725,7153
164600,1196,725,7374
164700,1196,725,6849
164800,1196,725,6906
164900,1196,725,7225
165000,1196,735,7102
165100,1196,716,7082
165200,1196,725,6868
165300,1196,716,7142
165400,1196,716,7352
165500,1196,725,6775
165600,1196,716,6906
165700,1196,725,7102
165800,1196,716,7132
165900,1196,725,7194
166000,1196,725,7215
166100,1196,725,6896
166200,1196,716,7204
166300,1196,725,6993
166400,1196,716,7278
166500,1196,716,7204
166600,1196,716,7225
166700,1196,725,7153
166800,1196,716,7256
166900,1196,707,7122
167000,1196,716,7072
167100,1196,707,7204
167200,1196,725,7215
167300,1196,716,7194
167400,1196,716,7132
167500,1196,725,7204
167600,1196,716,7042
167700,1196,716,6954
167800,1196,735,7032
167900,1196,707,7225
168000,1196,716,7256
168100,1196,716,7204
168200,1196,725,7215
168300,1196,725,7183
168400,1196,725,6896
168500,1196,716,7256
168600,1196,716,6915
168700,1196,725,7246
168800,1196,716,6925
168900,1196,725,7225
169000,1196,725,6983
169100,1196,725,7194
169200,1196,725,7256
169300,1196,725,7204
169400,1196,735,7032
169500,1196,716,7173
169600,1196,725,7153
169700,1196,735,7183
169800,1194,725,7122
169900,1196,716,6954
170000,1194,725,7194
170100,1194,716,7173
170200,1196,725,7183
170300,1194,716,7215
170400,1194,716,7183
170500,1194,725,7002
170600,1194,716,7256
170700,1194,716,6793
170800,1194,725,7235
170900,1196,725,7194
171000,1194,725,7235
171100,1194,716,6858
171200,1194,716,7215
171300,1196,735,7163
171400,1194,725,7256
171500,1194,725,7204
171600,1194,716,7132
171700,1194,716,7142
171800,1194,716,6858
171900,1194,716,6993
172000,1196,725,7225
172100,1194,735,6934
172200,1194,716,6887
172300,1194,716,6934
172400,1194,725,6944
172500,1194,716,7153
172600,1194,716,7042
172700,1194,725,7102
172800,1194,716,7183
172900,1194,735,7183
173000,1194,725,6877
173100,1194,735,6915
173200,1194,725,7153
173300,1194,716,6944
173400,1194,725,6821
173500,1194,725,6839
173600,1194,725,7183
173700,1194,716,6858
173800,1194,716,7173
173900,1194,716,6877
174000,1194,725,7225
174100,1194,725,6858
174200,1194,725,6887
174300,1194,725,6830
174400,1194,725,7112
174500,1194,725,7246
174600,1194,716,6821
174700,1194,725,7194
174800,1194,735,6811
174900,1194,707,7235
175000,1194,707,7204
175100,1194,725,6896
175200,1194,725,7235
175300,1194,725,6868
175400,1194,725,7235
175500,1194,725,7082
175600,1194,725,7246
175700,1194,725,6821
175800,1194,716,7204
175900,1194,725,7194
176000,1194,716,7153
176100,1194,725,6839
176200,1194,716,7225
176300,1194,725,7194
176400,1194,716,7102
176500,1194,716,7072
176600,1194,725,7194
176700,1194,735,7112
176800,1194,716,6839
176900,1194,735,7142
177000,1194,725,6830
177100,1192,744,6925
177200,1192,744,7142
177300,1192,744,6915
177400,1192,744,7032
177500,1192,781,7278
177600,1189,828,7309
177700,1189,837,7320
177800,1189,837,7530
177900,1189,837,7331
178000,1189,846,7396
178100,1189,837,7352
178200,1189,837,7680
178300,1189,837,7385
178400,1187,837,7668
178500,1189,846,7429
178600,1189,837,7610
178700,1189,846,7507
178800,1189,837,7331
178900,1187,837,7473
179000,1187,837,7342
179100,1189,846,7680
179200,1187,837,7363
179300,1187,837,7320
179400,1187,837,7645
179500,1187,837,7309
179600,1187,837,7418
179700,1189,846,7363
179800,1187,837,7331
179900,1187,837,7363
180000,1187,837,7418
180100,1187,828,7692
180200,1187,846,7496
180300,1187,837,7451
180400,1187,837,7692
180500,1187,846,7496
180600,1187,846,7385
180700,1187,846,7418
180800,1187,837,7656
180900,1187,837,7320
181000,1187,846,7331
181100,1187,837,7331
181200,1187,837,7680
181300,1187,837,7363
181400,1187,837,7429
181500,1187,837,7385
181600,1187,828,7564
181700,1187,828,7668
181800,1187,837,7418
181900,1187,837,7507
182000,1187,828,7374
182100,1187,828,7788
182200,1187,837,7473
182300,1187,837,7645
182400,1187,837,7451
182500,1187,837,7680
182600,1187,837,7656
182700,1187,837,7692
182800,1187,828,7363
182900,1187,837,7374
183000,1187,828,7331
183100,1187,828,7309
183200,1187,837,7396
183300,1187,828,7418
183400,1187,837,7751
183500,1187,837,7385
183600,1187,837,7320
183700,1187,828,7440
183800,1187,828,7331
183900,1187,818,7374
184000,1187,837,7656
184100,1187,828,7680
184200,1185,837,7352
184300,1185,828,7680
184400,1185,837,7496
184500,1187,837,7429
184600,1187,837,7331
184700,1185,837,7363
184800,1185,837,7633
184900,1187,846,7352
185000,1185,846,7396
185100,1187,837,7363
185200,1185,837,7440
185300,1187,837,7621
185400,1185,837,7320
185500,1185,846,7704
185600,1187,837,7656
185700,1185,837,7716
185800,1185,837,7309
185900,1185,837,7451
186000,1185,837,7598
186100,1185,828,7374
186200,1185,837,7374
186300,1185,837,7342
186400,1187,846,7451
186500,1185,837,7320
186600,1185,837,7429
186700,1185,837,7396
186800,1185,828,7407
186900,1185,837,7342
187000,1187,837,7621
187100,1185,837,7363
187200,1185,837,7342
187300,1185,837,7451
187400,1185,828,7342
187500,1185,837,7496
187600,1185,837,7352
187700,1185,837,7575
187800,1185,837,7429
187900,1185,837,7363
188000,1185,837,7374
188100,1185,837,7342
188200,1185,837,7352
188300,1185,846,7331
188400,1185,837,7440
188500,1185,828,7485
188600,1185,846,7407
188700,1185,837,7331
188800,1185,846,7363
188900,1185,828,7331
189000,1185,837,7352
189100,1185,828,7385
189200,1185,837,7739
189300,1185,837,7429
189400,1185,837,7352
189500,1185,837,7320
189600,1185,837,7299
189700,1185,837,7496
189800,1185,837,7473
189900,1185,837,7396
190000,1185,828,7407
190100,1185,837,7396
190200,1185,837,7668
190300,1185,837,7518
190400,1185,837,7429
190500,1185,828,7385
190600,1185,837,7320
190700,1185,837,7496
190800,1185,837,7374
190900,1185,828,7462
191000,1185,837,7352
191100,1185,828,7342
191200,1185,837,7440
191300,1185,837,7396
191400,1185,837,7645
191500,1185,837,7267
191600,1185,828,7396
191700,1185,828,7668
191800,1185,828,7352
191900,1185,837,7331
192000,1185,837,7407
192100,1185,837,7331
192200,1183,837,7668
192300,1185,837,7352
192400,1185,837,7407
192500,1185,837,7440
192600,1183,828,7320
192700,1185,837,7385
192800,1185,837,7429
192900,1185,837,7342
193000,1185,837,7331
193100,1185,828,7440
193200,1185,828,7598
193300,1185,837,7633
193400,1185,828,7440
193500,1185,837,7451
193600,1185,837,7385
193700,1185,828,7418
193800,1183,828,7363
193900,1185,837,7309
194000,1185,837,7342
194100,1185,837,7645
194200,1185,837,7440
194300,1183,828,7352
194400,1183,837,7374
194500,1183,865,7680
194600,1181,939,7518
194700,1179,958,7824
194800,1179,930,7552
194900,1179,930,7886
195000,1181,930,7507
195100,1181,939,7849
195200,1179,930,7874
195300,1181,939,7936
195400,1179,930,7751
195500,1179,939,7610
195600,1179,921,7911
195700,1181,939,7633
195800,1179,930,7727
195900,1179,930,7633
196000,1179,930,7575
196100,1179,939,7788
196200,1179,930,7776
196300,1179,930,7692
196400,1179,930,7886
196500,1179,939,7898
196600,1179,930,7886
196700,1179,939,7610
196800,1179,930,7788
196900,1179,939,7800
197000,1179,930,7824
197100,1179,930,7788
197200,1179,930,7836
197300,1179,939,7564
197400,1179,930,7776
197500,1179,939,7462
197600,1179,930,7911
197700,1179,930,7668
197800,1179,921,7763
197900,1179,939,7923
198000,1179,939,7974
198100,1179,921,7812
198200,1179,930,7610
198300,1179,921,7898
198400,1179,939,7886
198500,1179,921,7610
198600,1179,921,7610
198700,1179,930,7552
198800,1179,921,7936
198900,1179,930,7541
199000,1179,921,7961
199100,1179,911,7911
199200,1179,911,7849
199300,1179,921,7898
199400,1179,930,7874
199500,1179,911,7496
199600,1179,930,7812
199700,1179,921,7874
199800,1179,921,7485
199900,1179,930,7874
200000,1179,911,7541
200100,1179,911,7451
200200,1179,921,7836
200300,1179,911,7800
200400,1179,921,7861
200500,1179,921,7496
200600,1179,911,7518
200700,1179,911,7874
200800,1179,911,7874
200900,1179,911,7936
201000,1179,921,7763
201100,1179,911,7812
201200,1179,921,7739
201300,1179,921,7564
201400,1179,911,7680
201500,1179,921,7776
201600,1179,930,7763
201700,1179,921,7861
201800,1179,921,7923
201900,1179,921,7949
202000,1179,921,7530
202100,1179,921,7849
202200,1179,921,7485
202300,1179,921,7552
202400,1179,911,7541
202500,1179,921,7507
202600,1179,930,7812
202700,1179,921,7849
202800,1179,921,7496
202900,1179,930,7836
203000,1179,911,7776
203100,1179,911,7824
203200,1179,911,7812
203300,1179,921,7680
203400,1176,921,7564
203500,1179,921,7496
203600,1179,911,7800
203700,1176,911,7564
203800,1179,921,7680
203900,1179,911,7552
204000,1179,921,7518
204100,1179,911,7473
204200,1179,930,7496
204300,1179,911,7874
204400,1179,921,7824
204500,1176,921,7552
204600,1179,911,7886
204700,1179,902,7496
204800,1176,911,7763
204900,1179,921,7849
205000,1176,911,7507
205100,1176,911,7727
205200,1176,911,7518
205300,1179,921,7800
205400,1176,921,7541
205500,1176,911,7751
205600,1176,921,7587
205700,1176,921,7776
205800,1176,921,7849
205900,1176,921,7541
206000,1176,939,7836
206100,1176,921,7518
206200,1176,911,7800
206300,1176,921,7800
206400,1176,930,7727
206500,1176,921,7886
206600,1176,921,7518
206700,1176,921,7552
206800,1176,911,7518
206900,1176,921,7923
207000,1176,921,7552
207100,1176,921,7751
207200,1176,921,7680
207300,1176,921,7530
207400,1176,921,7812
207500,1176,921,7923
207600,1176,921,7716
207700,1176,921,7692
207800,1176,921,7496
207900,1176,930,7898
208000,1176,921,7849
208100,1176,921,7496
208200,1176,921,7727
208300,1176,911,7704
208400,1176,911,7473
208500,1176,930,7727
208600,1176,921,7861
208700,1176,921,7898
208800,1176,921,7518
208900,1176,930,7836
209000,1176,930,7541
209100,1176,930,7776
209200,1176,921,7716
209300,1176,921,7716
209400,1176,921,7473
209500,1176,911,7800
209600,1176,930,7564
209700,1176,930,7473
209800,1176,930,7716
209900,1176,921,7874
210000,1176,911,7936
210100,1174,930,7751
210200,1176,939,7898
210300,1176,939,7812
210400,1176,930,7587
210500,1176,921,7564
210600,1176,930,7668
210700,1174,921,7518
210800,1176,921,7473
210900,1176,930,7849
211000,1176,930,7451
211100,1174,930,7812
211200,1176,921,7849
211300,1176,921,7530
211400,1176,939,7776
211500,1176,921,7530
211600,1176,930,7776
211700,1176,930,7440
211800,1176,930,7496
211900,1174,911,7800
212000,1176,930,7812
212100,1174,958,7530
212200,1174,949,7704
212300,1174,949,7874
212400,1174,976,7898
212500,1170,1079,7886
212600,1168,1107,8077
212700,1168,1116,8000
212800,1168,1107,8090
212900,1168,1097,8333
213000,1168,1107,8038
213100,1168,1107,8156
213200,1168,1097,8389
213300,1168,1097,8130
213400,1168,1107,8250
213500,1168,1097,7886
213600,1168,1097,8143
213700,1168,1107,8025
213800,1168,1097,8064
213900,1168,1097,8291
214000,1168,1088,8503
214100,1168,1107,8000
214200,1168,1097,8051
214300,1168,1097,8291
214400,1168,1097,8116
214500,1168,1097,8278
214600,1168,1088,8038
214700,1168,1097,8064
214800,1168,1088,8169
214900,1168,1097,8196
215000,1168,1088,8090
215100,1168,1097,8445
215200,1168,1088,8130
215300,1168,1097,8278
215400,1168,1097,8156
215500,1168,1088,8103
215600,1168,1088,8156
215700,1168,1097,8196
215800,1168,1088,8210
215900,1168,1088,8183
216000,1168,1088,8210
216100,1168,1097,8064
216200,1168,1088,8038
216300,1168,1088,8103
216400,1168,1088,8183
216500,1168,1088,8532
216600,1168,1097,8156
216700,1168,1088,8210
216800,1168,1079,8038
216900,1168,1088,8116
217000,1168,1088,8051
217100,1168,1088,8196
217200,1168,1088,8077
217300,1168,1079,8347
217400,1168,1088,8116
217500,1168,1079,8130
217600,1168,1088,8051
217700,1168,1069,8116
217800,1168,1088,8156
217900,1168,1097,8090
218000,1168,1079,8169
218100,1168,1088,8077
218200,1168,1079,8051
218300,1166,1079,8474
218400,1168,1088,8051
218500,1166,1088,8169
218600,1166,1088,8051
218700,1166,1088,8103
218800,1166,1079,8223
218900,1166,1088,8130
219000,1166,1088,8576
219100,1168,1079,8103
219200,1166,1079,8333
219300,1166,1079,8278
219400,1168,1088,8223
219500,1168,1079,8025
219600,1168,1088,8169
219700,1166,1088,8025
219800,1166,1088,8038
219900,1166,1079,8264
220000,1166,1079,8116
220100,1166,1079,8038
220200,1166,1079,8143
220300,1166,1079,8237
220400,1166,1088,8116
220500,1166,1079,8156
220600,1166,1088,8156
220700,1166,1088,8517
220800,1166,1088,8169
220900,1166,1079,8250
221000,1166,1079,8090
221100,1166,1079,8264
221200,1166,1079,8064
221300,1166,1079,8064
221400,1166,1069,8156
221500,1166,1079,8077
221600,1166,1088,8210
221700,1166,1088,8116
221800,1166,1088,8445
221900,1166,1069,8169
222000,1166,1079,8431
222100,1166,1088,8116
222200,1166,1088,8090
222300,1166,1088,8038
222400,1166,1088,8090
222500,1166,1088,8064
222600,1166,1088,8051
222700,1166,1088,8210
222800,1166,1079,8196
222900,1166,1088,8156
223000,1166,1088,8417
223100,1166,1079,8103
223200,1166,1088,8183
223300,1166,1079,8196
223400,1166,1079,8038
223500,1166,1079,8051
223600,1166,1088,8169
223700,1166,1079,8103
223800,1166,1088,8130
223900,1166,1069,8210
224000,1166,1079,8038
224100,1166,1088,8347
224200,1166,1097,8025
224300,1166,1088,8090
224400,1166,1088,8196
224500,1163,1079,8025
224600,1163,1088,8051
224700,1166,1079,8051
224800,1166,1069,8169
224900,1166,1079,8333
225000,1166,1079,8077
225100,1166,1088,8051
225200,1166,1088,8210
225300,1166,1088,8090
225400,1166,1079,8025
225500,1166,1097,8090
225600,1166,1079,8077
225700,1166,1088,8183
225800,1163,1088,8103
225900,1163,1088,8012
226000,1163,1079,8077
226100,1163,1079,8090
226200,1163,1088,8116
226300,1166,1079,8116
226400,1166,1079,8431
226500,1163,1079,8051
226600,1166,1088,8012
226700,1163,1079,8064
226800,1163,1079,8156
226900,1163,1079,8051
227000,1163,1088,8038
227100,1163,1088,8090
227200,1163,1079,8012
227300,1166,1088,8156
227400,1163,1079,8077
227500,1163,1079,8417
227600,1163,1088,8090
227700,1163,1079,8064
227800,1163,1079,7936
227900,1163,1088,8025
228000,1163,1079,8051
228100,1163,1088,8077
228200,1163,1079,8038
228300,1163,1088,8130
228400,1163,1088,8025
228500,1163,1088,8156
228600,1163,1079,8064
228700,1163,1079,8183
228800,1163,1088,8130
228900,1163,1079,8169
229000,1163,1079,8130
229100,1163,1079,8375
229200,1163,1088,8333
229300,1163,1079,8103
229400,1163,1069,8116
229500,1163,1069,8143
229600,1163,1069,8051
229700,1163,1069,8064
229800,1163,1079,8278
229900,1163,1069,8156
230000,1163,1079,8116
230100,1163,1069,8403
230200,1163,1069,8090
230300,1163,1060,8103
230400,1161,1135,8169
230500,1161,1153,8375
230600,1159,1200,8333
230700,1155,1349,8635
230800,1152,1367,8756
230900,1152,1339,8849
231000,1152,1349,8912
231100,1152,1339,8605
231200,1152,1339,9009
231300,1152,1339,8865
231400,1152,1330,8896
231500,1152,1349,8818
231600,1152,1339,8912
231700,1152,1339,8880
231800,1152,1358,8818
231900,1152,1339,8756
232000,1152,1339,8771
232100,1152,1339,8726
232200,1152,1349,8865
232300,1152,1349,8865
232400,1152,1349,8865
232500,1152,1349,8710
232600,1152,1349,8710
232700,1152,1349,8726
232800,1152,1339,8912
232900,1150,1339,8695
233000,1152,1339,8849
233100,1150,1349,8726
233200,1150,1339,8865
233300,1152,1349,8865
233400,1150,1349,8896
233500,1150,1339,8695
233600,1150,1349,8756
233700,1150,1349,8818
233800,1152,1339,8818
233900,1150,1339,8665
234000,1150,1349,8833
234100,1150,1349,8741
234200,1150,1349,8741
234300,1150,1339,8912
234400,1150,1349,8756
234500,1150,1349,8726
234600,1150,1349,8680
234700,1150,1349,8771
234800,1150,1349,8802
234900,1150,1349,8756
235000,1150,1349,8771
235100,1150,1358,8802
235200,1150,1339,8818
235300,1150,1358,8503
235400,1150,1349,8771
235500,1150,1358,8944
235600,1150,1358,8680
235700,1150,1349,8865
235800,1150,1330,8787
235900,1150,1339,8880
236000,1150,1349,8695
236100,1150,1358,8460
236200,1150,1330,8319
236300,1150,1349,8818
236400,1150,1339,8802
236500,1150,1349,8802
236600,1150,1339,8650
236700,1150,1339,8849
236800,1150,1349,8787
236900,1150,1339,8576
237000,1150,1339,8787
237100,1150,1330,8665
237200,1150,1349,8756
237300,1148,1339,8665
237400,1148,1339,8460
237500,1148,1349,8605
237600,1150,1339,8532
237700,1148,1349,8547
237800,1148,1349,8741
237900,1148,1339,8944
238000,1148,1349,9057
238100,1148,1339,8635
238200,1148,1349,8605
238300,1148,1339,8756
238400,1148,1349,8665
238500,1148,1330,8849
238600,1148,1339,8818
238700,1148,1321,8818
238800,1148,1330,8695
238900,1148,1339,8417
239000,1148,1349,8818
239100,1148,1339,8650
239200,1148,1330,8756
239300,1148,1349,8787
239400,1148,1339,8532
239500,1148,1349,8944
239600,1148,1349,8833
239700,1148,1367,8865
239800,1148,1349,8517
239900,1148,1339,8680
240000,1148,1339,8771
240100,1148,1330,8726
240200,1148,1339,8833
240300,1148,1330,8833
240400,1148,1339,8741
240500,1148,1358,8944
240600,1148,1330,8561
240700,1148,1349,8802
240800,1148,1339,8517
240900,1148,1339,8710
241000,1148,1349,8726
241100,1148,1349,8488
241200,1148,1339,8771
241300,1148,1349,8833
241400,1148,1339,8620
241500,1148,1339,8818
241600,1148,1339,8620
241700,1148,1330,8635
241800,1148,1349,8880
241900,1146,1330,8833
242000,1148,1339,8833
242100,1148,1339,8833
242200,1148,1349,8802
242300,1146,1330,8695
242400,1146,1339,8787
242500,1146,1358,8896
242600,1146,1339,8741
242700,1146,1349,8726
242800,1148,1349,8710
242900,1146,1339,8818
243000,1148,1367,8741
243100,1146,1349,8771
243200,1146,1358,8517
243300,1146,1339,8650
243400,1146,1349,8741
243500,1146,1367,8787
243600,1146,1339,8802
243700,1146,1321,8787
243800,1146,1330,8756
243900,1146,1349,8665
244000,1146,1339,8880
244100,1146,1358,8726
244200,1146,1330,8865
244300,1146,1349,8417
244400,1146,1349,8665
244500,1146,1349,8849
244600,1146,1339,8818
244700,1146,1339,8880
244800,1146,1339,8680
244900,1146,1349,8849
245000,1146,1339,8741
245100,1146,1321,8802
245200,1146,1349,8771
245300,1146,1339,8680
245400,1146,1339,8756
245500,1146,1330,8741
245600,1146,1349,8726
245700,1146,1330,8389
245800,1146,1339,8741
245900,1146,1339,8665
246000,1146,1339,8445
246100,1146,1358,8741
246200,1146,1349,8547
246300,1146,1349,8503
246400,1146,1339,8818
246500,1144,1321,8818
246600,1146,1339,8771
246700,1146,1349,8771
246800,1146,1358,8880
246900,1146,1330,8802
247000,1146,1339,8833
247100,1146,1339,8726
247200,1146,1349,8771
247300,1146,1358,8849
247400,1146,1330,8802
247500,1146,1349,8488
247600,1146,1339,8710
247700,1146,1330,8787
247800,1146,1330,8865
247900,1146,1330,8833
248000,1146,1358,8741
248100,1146,1330,8741
248200,1146,1349,8741
248300,1146,1339,8756
248400,1146,1349,8695
248500,1144,1330,8620
248600,1146,1339,8912
248700,1146,1330,8561
248800,1144,1330,8741
248900,1146,1330,8620
249000,1144,1321,8726
249100,1144,1339,8650
249200,1146,1339,8726
249300,1144,1321,8741
249400,1144,1349,8849
249500,1144,1339,8650
249600,1144,1321,8695
249700,1146,1339,8756
249800,1144,1339,8680
249900,1144,1321,8865
250000,1144,1339,8710
250100,1144,1330,8865
250200,1144,1330,8517
250300,1142,1423,8880
250400,1139,1479,8896
250500,1137,1516,9074
250600,1139,1488,9124
250700,1139,1497,8992
250800,1139,1488,8960
250900,1137,1507,8912
251000,1137,1497,8912
251100,1137,1488,8992
251200,1139,1497,8960
251300,1137,1479,8960
251400,1139,1488,8928
251500,1139,1479,8944
251600,1137,1488,8960
251700,1137,1479,9009
251800,1139,1470,8896
251900,1137,1497,8912
252000,1137,1488,8865
252100,1137,1488,9074
252200,1137,1488,8960
252300,1137,1497,9090
252400,1137,1488,9009
252500,1137,1479,9025
252600,1137,1479,9090
252700,1137,1488,9191
252800,1137,1470,9157
252900,1137,1479,9025
253000,1137,1470,9157
253100,1137,1488,9041
253200,1137,1488,8928
253300,1137,1470,8944
253400,1137,1497,9009
253500,1137,1479,9191
253600,1137,1497,9107
253700,1137,1479,8880
253800,1135,1497,8992
253900,1135,1497,8992
254000,1137,1488,9009
254100,1137,1497,9025
254200,1137,1488,9074
254300,1137,1488,9057
254400,1137,1497,8912
254500,1137,1488,8912
254600,1137,1488,9009
254700,1135,1497,8992
254800,1137,1479,9157
254900,1137,1488,9009
255000,1135,1497,8928
255100,1137,1497,8880
255200,1135,1479,9025
255300,1137,1497,8912
255400,1135,1488,8992
255500,1137,1479,9009
255600,1135,1488,9074
255700,1135,1488,9041
255800,1135,1488,8896
255900,1137,1479,8992
256000,1137,1488,8928
256100,1137,1479,9041
256200,1135,1479,9208
256300,1135,1488,9242
256400,1135,1479,8912
256500,1135,1479,9009
256600,1135,1479,9009
256700,1135,1479,9140
256800,1135,1488,9009
256900,1135,1488,9041
257000,1135,1497,8880
257100,1135,1488,9074
257200,1135,1479,9041
257300,1135,1479,9057
257400,1135,1507,8880
257500,1135,1488,8880
257600,1135,1497,8928
257700,1135,1488,8912
257800,1135,1479,9009
257900,1135,1479,9009
258000,1135,1488,8944
258100,1135,1488,9225
258200,1135,1488,9057
258300,1135,1479,9009
258400,1135,1479,9041
258500,1135,1488,9025
258600,1135,1488,8928
258700,1135,1479,8960
258800,1135,1488,9057
258900,1135,1488,9074
259000,1135,1497,8960
259100,1135,1470,9009
259200,1135,1497,8976
259300,1135,1479,8865
259400,1135,1479,8880
259500,1135,1470,8960
259600,1135,1470,9009
259700,1135,1460,9025
259800,1135,1488,9107
259900,1135,1460,9208
260000,1135,1470,8976
260100,1135,1479,8896
260200,1135,1470,9074
260300,1135,1479,8849
260400,1135,1460,9025
260500,1135,1460,9174
260600,1135,1479,9025
260700,1135,1479,8928
260800,1135,1470,9074
260900,1135,1470,9208
261000,1135,1470,8880
261100,1135,1479,9074
261200,1135,1479,9009
261300,1135,1470,8818
261400,1135,1488,9157
261500,1135,1479,9074
261600,1133,1470,9208
261700,1133,1479,8992
261800,1133,1470,9107
261900,1135,1470,8944
262000,1133,1488,9208
262100,1135,1470,9057
262200,1135,1479,8944
262300,1135,1470,9124
262400,1135,1470,8865
262500,1133,1479,8960
262600,1133,1479,9041
262700,1135,1460,9009
262800,1133,1460,9009
262900,1133,1479,9074
263000,1133,1470,9242
263100,1133,1479,9057
263200,1133,1470,9009
263300,1133,1470,8849
263400,1133,1479,8992
263500,1133,1488,8976
263600,1133,1479,9057
263700,1133,1470,8960
263800,1133,1460,8960
263900,1133,1470,8912
264000,1133,1479,8960
264100,1133,1479,8928
264200,1133,1470,9157
264300,1133,1470,9090
264400,1133,1479,8833
264500,1133,1488,9124
264600,1133,1470,9009
264700,1133,1479,8865
264800,1133,1479,8865
264900,1133,1479,8992
265000,1133,1470,8944
265100,1133,1470,9041
265200,1131,1544,9041
265300,1131,1544,8976
265400,1131,1553,9398
265500,1129,1591,9259
265600,1129,1581,9310
265700,1129,1581,9191
265800,1129,1572,9124
265900,1129,1581,9276
266000,1129,1581,9174
266100,1129,1581,9259
266200,1129,1591,9140
266300,1129,1581,9328
266400,1129,1581,9057
266500,1129,1591,9225
266600,1129,1591,9074
266700,1129,1581,9157
266800,1129,1581,9157
266900,1129,1581,9225
267000,1129,1581,9140
267100,1129,1572,9174
267200,1129,1581,9157
267300,1126,1581,9191
267400,1126,1572,9174
267500,1126,1581,8992
267600,1126,1581,9276
267700,1126,1581,9140
267800,1126,1581,9310
267900,1126,1572,9074
268000,1126,1572,9276
268100,1126,1581,9242
268200,1126,1572,9242
268300,1126,1563,9416
268400,1126,1581,9025
268500,1126,1572,9293
268600,1126,1581,9208
268700,1126,1581,9074
268800,1126,1572,9225
268900,1126,1572,9259
269000,1126,1572,9090
269100,1126,1572,9242
269200,1126,1572,9041
269300,1126,1572,9242
269400,1126,1572,9191
269500,1126,1572,9259
269600,1126,1572,9140
269700,1126,1572,9057
269800,1126,1572,9259
269900,1126,1572,9276
270000,1126,1572,9041
270100,1126,1591,9293
270200,1126,1572,9057
270300,1126,1572,9225
270400,1126,1572,9090
270500,1126,1572,9140
270600,1126,1581,9107
270700,1126,1572,9310
270800,1126,1572,9328
270900,1126,1572,9225
271000,1126,1572,9140
271100,1126,1572,9090
271200,1126,1563,8960
271300,1126,1572,9276
271400,1126,1572,9090
271500,1126,1563,9225
271600,1126,1572,9242
271700,1126,1572,9124
271800,1126,1572,9057
271900,1126,1563,9259
272000,1124,1563,9074
272100,1124,1563,9259
272200,1126,1563,9208
272300,1124,1581,9124
272400,1126,1581,9025
272500,1124,1581,9293
272600,1126,1581,9157
272700,1126,1581,9009
272800,1126,1581,9541
272900,1124,1572,9157
273000,1124,1581,9174
273100,1126,1572,8992
273200,1126,1581,9225
273300,1124,1581,9208
273400,1124,1581,8944
273500,1124,1572,9225
273600,1124,1581,8992
273700,1124,1572,9398
273800,1124,1581,9242
273900,1124,1563,9140
274000,1124,1572,9191
274100,1124,1572,9090
274200,1124,1563,9191
274300,1124,1563,9140
274400,1124,1572,9140
274500,1124,1572,9293
274600,1124,1572,9345
274700,1124,1572,9124
274800,1124,1572,9259
274900,1124,1581,9208
275000,1124,1581,9242
275100,1124,1572,9107
275200,1124,1572,9057
275300,1124,1572,9090
275400,1124,1572,9140
275500,1124,1572,9057
275600,1124,1572,9208
275700,1124,1572,9259
275800,1124,1572,9157
275900,1124,1572,9090
276000,1124,1581,9057
276100,1124,1572,9191
276200,1124,1581,9157
276300,1124,1572,8960
276400,1124,1572,9009
276500,1124,1572,9174
276600,1124,1563,9328
276700,1124,1572,9124
276800,1124,1572,9057
276900,1124,1572,9208
277000,1124,1563,9208
277100,1124,1581,9041
277200,1122,1563,9140
277300,1124,1572,9380
277400,1124,1563,9140
277500,1124,1563,9242
277600,1124,1563,9259
277700,1124,1563,9041
277800,1124,1553,9157
277900,1124,1553,9157
278000,1124,1563,9276
278100,1124,1553,9416
278200,1124,1563,9191
278300,1124,1553,9009
278400,1124,1563,9157
278500,1124,1563,9041
278600,1124,1553,9090
278700,1124,1572,9345
278800,1124,1563,9009
278900,1122,1563,9259
279000,1122,1553,9276
279100,1124,1572,9293
279200,1122,1563,9107
279300,1122,1553,9174
279400,1124,1563,9225
279500,1124,1553,9074
279600,1122,1563,9225
279700,1124,1572,9191
279800,1124,1553,9174
279900,1122,1563,9041
280000,1122,1572,9208
280100,1122,1581,9191
280200,1122,1572,9191
280300,1122,1581,9107
280400,1122,1572,9074
280500,1122,1572,9276
280600,1122,1563,9107
280700,1122,1572,9025
280800,1122,1572,9057
280900,1122,1563,9191
281000,1122,1572,9107
281100,1122,1581,9276
281200,1122,1572,9025
281300,1122,1572,9208
281400,1122,1572,9025
281500,1122,1572,9074
281600,1122,1572,9242
281700,1122,1572,9242
281800,1122,1572,9041
281900,1122,1581,9208
282000,1122,1563,9074
282100,1122,1563,9259
282200,1122,1572,9191
282300,1122,1572,9416
282400,1122,1572,9242
282500,1122,1572,8976
282600,1122,1563,8976
282700,1122,1563,9225
282800,1122,1572,9310
282900,1122,1563,9140
283000,1122,1563,9174
283100,1122,1572,8992
283200,1122,1572,9025
283300,1116,1749,9259
283400,1116,1739,9451
283500,1116,1721,9596
283600,1113,1767,9505
283700,1113,1777,9596
283800,1113,1777,9541
283900,1113,1777,9523
284000,1113,1767,9380
284100,1113,1767,9900
284200,1113,1777,9487
284300,1113,1786,9596
284400,1113,1786,9652
284500,1113,1777,9416
284600,1113,1777,9487
284700,1113,1777,9259
284800,1113,1777,9523
284900,1113,1767,9363
285000,1113,1767,9560
285100,1113,1767,9652
285200,1113,1777,9523
285300,1113,1777,9433
285400,1113,1777,9523
285500,1113,1777,9596
285600,1113,1777,9398
285700,1113,1777,9578
285800,1113,1786,9380
285900,1113,1777,9416
286000,1113,1786,9345
286100,1113,1777,9523
286200,1113,1777,9398
286300,1113,1786,9505
286400,1111,1777,9345
286500,1111,1777,9487
286600,1113,1777,9560
286700,1111,1777,9416
286800,1111,1777,9451
286900,1113,1777,9596
287000,1111,1777,9523
287100,1111,1767,9541
287200,1111,1777,9433
287300,1111,1777,9523
287400,1113,1777,9398
287500,1113,1767,9416
287600,1111,1767,9416
287700,1113,1767,9523
287800,1111,1767,9416
287900,1111,1758,9398
288000,1111,1767,9596
288100,1111,1767,9596
288200,1111,1758,9433
288300,1111,1758,9523
288400,1111,1758,9633
288500,1111,1758,9615
288600,1111,1767,9652
288700,1113,1758,9469
288800,1111,1767,9433
288900,1111,1758,9596
289000,1111,1758,9541
289100,1111,1758,9541
289200,1111,1767,9380
289300,1111,1758,9596
289400,1111,1767,9345
289500,1111,1758,9398
289600,1111,1767,9560
289700,1111,1758,9487
289800,1111,1758,9469
289900,1111,1767,9380
290000,1111,1758,9615
290100,1111,1767,9541
290200,1111,1749,9487
290300,1111,1758,9380
290400,1111,1767,9469
290500,1111,1767,9398
290600,1111,1767,9596
290700,1111,1758,9523
290800,1111,1777,9505
290900,1111,1767,9345
291000,1111,1767,9398
291100,1111,1767,9363
291200,1111,1758,9541
291300,1111,1758,9505
291400,1111,1767,9469
291500,1111,1767,9451
291600,1111,1758,9451
291700,1109,1767,9505
291800,1111,1758,9328
291900,1111,1758,9541
292000,1111,1767,9469
292100,1111,1767,9505
292200,1109,1767,9469
292300,1109,1767,9363
292400,1109,1758,9541
292500,1109,1758,9541
292600,1111,1767,9505
292700,1109,1758,9505
292800,1109,1767,9505
292900,1111,1758,9433
293000,1109,1758,9328
293100,1109,1758,9578
293200,1111,1758,9615
293300,1109,1758,9487
293400,1109,1758,9523
293500,1109,1758,9345
293600,1109,1758,9363
293700,1109,1758,9505
293800,1109,1758,9433
293900,1109,1758,9310
294000,1109,1758,9363
294100,1109,1767,9416
294200,1109,1777,9541
294300,1109,1777,9523
294400,1109,1777,9578
294500,1109,1767,9578
294600,1109,1767,9541
294700,1109,1777,9451
294800,1109,1777,9380
294900,1109,1767,9596
295000,1109,1767,9505
295100,1109,1777,9505
295200,1109,1777,9487
295300,1109,1767,9560
295400,1109,1777,9451
295500,1109,1777,9560
295600,1109,1767,9380
295700,1109,1767,9727
295800,1109,1767,9541
295900,1109,1767,9560
296000,1109,1777,9345
296100,1109,1767,9560
296200,1109,1767,9578
296300,1109,1777,9416
296400,1109,1777,9363
296500,1109,1777,9469
296600,1109,1767,9380
296700,1109,1777,9380
296800,1109,1777,9469
296900,1107,1767,9398
297000,1107,1767,9433
297100,1109,1777,9345
297200,1107,1767,9469
297300,1109,1777,9469
297400,1107,1767,9363
297500,1109,1777,9541
297600,1109,1767,9560
297700,1107,1767,9615
297800,1109,1777,9487
297900,1109,1777,9345
298000,1107,1767,9560
298100,1107,1777,9560
298200,1107,1777,9578
298300,1107,1777,9469
298400,1107,1767,9487
298500,1107,1767,9523
298600,1107,1767,9451
298700,1107,1767,9487
298800,1107,1767,9469
298900,1107,1767,9746
299000,1107,1767,9596
299100,1107,1758,9505
299200,1107,1767,9416
299300,1107,1767,9505
299400,1107,1767,9541
299500,1107,1767,9615
299600,1107,1777,9451
299700,1107,1777,9469
299800,1107,1777,9380
299900,1107,1767,9633
300000,1107,1767,9560
300100,1107,1767,9451
300200,1107,1767,9487
300300,1107,1758,9578
300400,1107,1758,9523
300500,1107,1767,9469
300600,1107,1767,9523
300700,1107,1767,9487
300800,1107,1767,9469
300900,1107,1767,9596
301000,1107,1758,9469
301100,1107,1758,9523
301200,1107,1767,9523
301300,1107,1767,9469
301400,1107,1767,9671
301500,1107,1767,9541
301600,1107,1767,9505
301700,1105,1851,9469
301800,1100,1935,9823
301900,1100,1916,9560
302000,1102,1916,9578
302100,1100,1907,9708
302200,1100,1907,9708
302300,1100,1907,9652
302400,1100,1916,9746
302500,1100,1907,9578
302600,1100,1916,9633
302700,1100,1907,9578
302800,1100,1907,9708
302900,1100,1907,9784
303000,1100,1907,9652
303100,1100,1898,9689
303200,1100,1907,9689
303300,1100,1907,9784
303400,1100,1916,9861
303500,1100,1907,9689
303600,1100,1907,9784
303700,1100,1907,9784
303800,1100,1907,9765
303900,1100,1907,9560
304000,1100,1907,9708
304100,1100,1907,9708
304200,1100,1907,9765
304300,1100,1907,9560
304400,1100,1898,9746
304500,1100,1898,9708
304600,1100,1898,9746
304700,1100,1898,9689
304800,1100,1898,9596
304900,1100,1898,9689
305000,1100,1898,9671
305100,1100,1907,9708
305200,1100,1898,9633
305300,1100,1898,9560
305400,1100,1898,9765
305500,1100,1898,9633
305600,1100,1898,9803
305700,1100,1898,9765
305800,1100,1898,9784
305900,1100,1898,9578
306000,1100,1898,9803
306100,1100,1898,9689
306200,1100,1898,9727
306300,1100,1898,9727
306400,1100,1898,9578
306500,1100,1898,9861
306600,1100,1898,9578
306700,1098,1898,9765
306800,1100,1898,9560
306900,1098,1898,9746
307000,1098,1898,9671
307100,1098,1898,9689
307200,1098,1898,9633
307300,1100,1898,9671
307400,1098,1898,9708
307500,1100,1898,9765
307600,1098,1898,9689
307700,1098,1898,9652
307800,1098,1898,9689
307900,1098,1898,9861
308000,1098,1888,9746
308100,1098,1898,9765
308200,1098,1898,9541
308300,1098,1898,9541
308400,1098,1898,9560
308500,1098,1898,9541
308600,1098,1898,9746
308700,1098,1898,9615
308800,1098,1898,9671
308900,1098,1898,9671
309000,1098,1907,9765
309100,1098,1898,9578
309200,1098,1898,9689
309300,1098,1898,9765
309400,1098,1898,9689
309500,1098,1898,9689
309600,1098,1898,9560
309700,1098,1898,9765
309800,1098,1898,9541
309900,1098,1888,9727
310000,1098,1888,9652
310100,1098,1898,9633
310200,1098,1888,9881
310300,1098,1888,9505
310400,1098,1888,9765
310500,1098,1888,9541
310600,1098,1888,9784
310700,1098,1888,9746
310800,1098,1879,9746
310900,1098,1888,9727
311000,1098,1888,9746
311100,1098,1888,9633
311200,1098,1888,9708
311300,1098,1888,9615
311400,1098,1888,9708
311500,1098,1888,9560
311600,1098,1888,9615
311700,1098,1888,9689
311800,1098,1888,9784
311900,1098,1888,9560
312000,1096,1888,9689
312100,1098,1888,9765
312200,1098,1888,9727
312300,1098,1888,9689
312400,1098,1888,9708
312500,1098,1888,9689
312600,1098,1888,9541
312700,1098,1888,9541
312800,1098,1888,9671
312900,1098,1888,9671
313000,1098,1879,9708
313100,1096,1888,9523
313200,1096,1888,9652
313300,1096,1888,9861
313400,1098,1888,9523
313500,1098,1888,9671
313600,1096,1888,9671
313700,1096,1888,9708
313800,1096,1888,9652
313900,1096,1888,9861
314000,1096,1888,9541
314100,1096,1888,9652
314200,1096,1888,9671
314300,1096,1888,9652
314400,1096,1888,9652
314500,1096,1888,9708
314600,1096,1888,9523
314700,1096,1888,9671
314800,1096,1888,9633
314900,1096,1888,9708
315000,1096,1888,9633
315100,1096,1888,9652
315200,1096,1888,9505
315300,1096,1888,9633
315400,1096,1888,9652
315500,1096,1879,9708
315600,1096,1888,9652
315700,1096,1898,9652
315800,1096,1888,9560
315900,1096,1898,9596
316000,1096,1888,9652
316100,1096,1888,9861
316200,1096,1888,9633
316300,1096,1888,9633
316400,1096,1888,9560
316500,1096,1898,9596
316600,1096,1888,9727
316700,1096,1888,9505
316800,1102,1693,9259
316900,1124,995,8591
317000,1142,530,6963
317100,1152,251,6157
317200,1163,18,6157
317300,1163,0,6157
317400,1163,0,6157
317500,1163,0,6157
317600,1166,0,0
317700,1166,0,0
317800,1166,0,0
317900,1166,0,0
318000,1166,0,0
318100,1166,0,0
318200,1166,0,0
318300,1166,0,0
318400,1166,0,0
318500,1166,0,0
318600,1166,0,0
318700,1166,0,0
318800,1166,0,0
318900,1166,0,0
319000,1166,0,0
319100,1166,0,0
319200,1166,0,0
319300,1168,0,0
319400,1168,18,0
319500,1168,0,0
319600,1168,0,0
319700,1170,18,0
319800,1168,18,0
319900,1170,0,0
320000,1170,18,0
320100,1172,18,0
320200,1172,18,0
320300,1172,18,0
320400,1172,0,0
320500,1172,0,0
320600,1172,0,0
320700,1172,0,0
320800,1172,0,0
320900,1172,18,0
321000,1172,0,0
321100,1172,18,0
321200,1172,18,0
321300,1172,0,0
321400,1172,18,0
321500,1172,18,0
321600,1172,0,0
321700,1172,0,0
321800,1172,0,0
321900,1174,18,0
322000,1174,0,0
322100,1172,0,0
322200,1174,0,0
322300,1174,0,0
322400,1174,0,0
322500,1172,0,0
322600,1174,0,0
322700,1174,0,0
322800,1174,18,0
322900,1174,0,0
323000,1174,0,0
323100,1174,0,0
323200,1174,0,0
323300,1174,0,0
323400,1174,0,0
323500,1174,0,0
323600,1174,0,0
323700,1174,0,0
323800,1174,0,0
323900,1174,0,0
324000,1174,0,0
324100,1174,0,0
324200,1174,0,0
324300,1174,0,0
324400,1174,0,0
324500,1174,0,0
324600,1174,0,0
324700,1174,0,0
324800,1174,0,0
324900,1174,18,0
325000,1174,0,0
325100,1174,0,0
325200,1174,18,0
325300,1174,18,0
325400,1174,18,0
325500,1174,18,0
